<?xml version = "1.0"?>
<GameData>
<screenTitle>Weston's Flocking Birds</screenTitle>

<frameCap>60</frameCap>

<moon>
<frame0>moon.png</frame0>
  <position x="300" y="660"/>
  <speed x="0" y = "0"/>
</moon>
<skyline>
<frame0>skyline.png</frame0>
  <position x="0" y="0"/>
  <speed x="0" y = "0"/>
</skyline>
<sky>
<frame0>sky.png</frame0>
  <position x="0" y="0"/>
  <speed x="0" y = "0"/>
</sky>
<star>
  <frame0>star1.png</frame0>
  <frame1>star2.png</frame1>
  <frame2>star3.png</frame2>
  <frame3>star4.png</frame3>
  <position x="350" y="50"/>
  <speed x="0" y="0"/>
  <frameCount>4</frameCount>
  <frameInterval>.8</frameInterval>
</star>

<grayBirds>
  <count>40</count>
  <alignment>6</alignment>
  <cohesion>6</cohesion>
  <seperation>6</seperation>
</grayBirds>
<grayBird>
  <frame0>grayBird1.png</frame0>
  <frame1>grayBird2.png</frame1>
  <frame2>grayBird3.png</frame2>
  <frame3>grayBird4.png</frame3>
  <position x="350" y="50"/>
  <speed x="100" y="100"/>
  <frameCount>4</frameCount>
  <frameInterval>0.2</frameInterval>
  <LoS>300</LoS>
</grayBird>

<redBirds>
  <count>40</count>
  <alignment>6</alignment>
  <cohesion>6</cohesion>
  <seperation>7</seperation>
</redBirds>
<redBird>
  <frame0>redBird1.png</frame0>
  <frame1>redBird2.png</frame1>
  <frame2>redBird3.png</frame2>
  <frame3>redBird4.png</frame3>
  <position x="350" y="700"/>
  <speed x="200" y="200" />
  <frameCount>4</frameCount>
  <frames>4</frames>
  <frameInterval>0.1</frameInterval>
  <LoS>75</LoS>
</redBird>
<blueBirds>
  <count>10</count>
  <alignment>20</alignment>
  <cohesion>20</cohesion>
  <seperation>20</seperation>
</blueBirds>
<blueBird>
  <file>images/bluebird-Bidirectional.png</file>
  <startLoc x="350" y="50"/>
  <frames>8</frames>
  <frameInterval>200</frameInterval>
  <speedX>100</speedX>
  <speedY>100</speedY>
  <maxSpeedX>120</maxSpeedX>
  <maxSpeedY>120</maxSpeedY>
  <LoS>600</LoS>
</blueBird>

</GameData>
